300012;"оюр ""оПНЛЁМБЕЯРАЮМЙ"" "
300023;"оюр ""сйпянжаюмй"" "
300119;"оюр ""аюмй юкэъмя"" "
300335;"юр ""пЮИТТЮИГЕМ аЮМЙ юБЮКЭ"" "
300346;"оюр ""юкэтю-аюмй"" "
300465;"юр ""нЫЮДАЮМЙ"" "
300506;"оюр ""оепьхи ╡мбеярхж╡имхи аюмй"" "
300528;"юр ""нро аюмй"" "
300539;"оюT ""╡мц аЮМЙ сЙПЮ©МЮ"" "
300584;"оюр ""я╡р╡аюмй"" "
300614;"оюр ""йпед╡ юцп╡йнкэ аюмй"" "
300647;"юа ""йк╡пхмцнбхи д╡л"" "
300658;"юр ""о╡песя аюмй лйа"" "
305299;"оюр йа ""опхбюраюмй"" "
305749;"оюр ""аюмй йпедхр дм╡опн"" "
305880;"оюр ""йа ""гелекэмхи йюо╡рюк"" "
306500;"оюр ""юа ""пюдюаюмй"" "
307123;"оюр ""аюмй бнярнй"" "
307350;"оюр ""юйа ""йнмйнпд"" "
307770;"оюр ""ю - аюмй"" "
312248;"оюр ""йнл╡мбеяраюмй"" "
313009;"оюр ""лнрнп-аюмй"" "
313582;"юр ""лЕРЮаЮМЙ"" "
313849;"юйа ""╡мдсярп╡юкаюмй"" "
320371;"оюр ""аюмй ""сйпю╞мяэйхи йюо╡рюк"" "
320478;"юа ""сйпцюгаюмй"" "
320627;"оюр ""яаепаюмй"" "
320940;"юр ""юкэраюмй"" "
320984;"юр ""опнйпедхр аюмй"" "
321723;"оюр ""арю аюмй"" "
321767;"оюр ""бра аюмй"" "
322001;"оюр ""см╡бепяюк аюмй"" "
322302;"оюр ""юИАНЙЯ аЮМЙ"" "
322313;"юр ""сЙПЕЙЯЁЛАЮМЙ"" "
322335;"оюр юйа ""юпйюдю"" "
322539;"оюр ""чмейя аюмй"" "
322540;"юр ""й╡а"" "
325213;"оюр ""бЁеЯ аЮМЙ"" "
325268;"оюр юйа ""кЭБЁБ"" "
325365;"оюр ""йпеднаюмй"" "
325990;"оюр ""нйя╡ аюмй"" "
328168;"оюр ""лра аюмй"" "
328209;"юЙЖЁНМЕПМХИ АЮМЙ ""оЁБДЕММХИ"" "
328760;"юр ""лЁЯРН аЮМЙ"" "
331489;"оюр ""оНКРЮБЮ-АЮМЙ"" "
334840;"оюр ""аюмй тюл╡кэмхи"" "
334851;"оюр ""осла"" "
336310;"оюр ""╡ДЕЪ аЮМЙ"" "
339016;"оюр ""аюмй ""онпрюк"" "
339050;"оюр ""йпхярюкаюмй"" "
339072;"оюр ""пбя аюмй"" "
339500;"юр ""рюяйнлаюмй"" "
344443;"оюр ""пнгпюусмйнбхи жемрп"" "
351005;"юр ""сЙПяХААЮМЙ"" "
351254;"оюр ""яйюи аюмй"" "
351607;"оюр ""аюмй ""цпюмр"" "
351629;"оюр ""лецюаюмй"" "
353100;оНКЁЙНЛАЮМЙ 
353489;"оюр ""юяб╡н аюмй"" "
377090;"оюр ""╙бпнопнлаюмй"" "
380106;"оюр ""юйа ""рПЮЯР-ЙЮОЁРЮК"" "
380281;"оюр ""аюмй ╡мбеярхж╡и рю гюныюдфемэ"" "
380366;"оюр ""йпедхр ╙бпною аюмй"" "
380377;"юр ""сйпасд╡мбеяраюмй"" "
380418;"оюр ""аюмй тнпбюпд"" "
380441;"оюр ""йпедхрбеяр аюмй"" "
380526;"оюр ""йа ""цкнася"" "
380548;"оюр ""юо аюмй"" "
380582;"оюр ""л╡а"" "
380634;"оСюр ""йа ""юйнпдаюмй"" "
380645;"оюр ""аюмй 3/4"" "
380689;"оюр ""бепмсл аюмй"" "
380731;"оюр ""дНИВЕ аЮМЙ дас"" "
380742;"оюр йа ""жЕМРП"" "
380797;"оюр ""яеа йнпонпюрхбмхи аюмй"" "
380816;"оюр ""аюмй я╡в"" "
380827;"оюр ""д╡б╡ аюмй"" "
380838;"юр ""опюбейя аюмй"" "
380883;"юр (ОСАК.) ""сЙПЮ©МЯЭЙХИ АЮМЙ ПЕЙНМЯРПСЙЖЁ© РЮ ПНГБХРЙС"" "
380894;"юр ""юкэоюп╡ аюмй"" "
380913;"юр ""ал аюмй"" "
380946;"юр ""аюмй юбюмцюпд"" "
